{
    "loss": 2.9874329566955566,
    "accuracy": 0.843137264251709
}